<?xml version="1.0" encoding="UTF-8" standalone="yes"?>
<library>
    <authors>
        <author>
            <books>
                <book>
                    <isbn>1234567890</isbn>
                    <title>Book1</title>
                </book>
                <book>
                    <isbn>0987654321</isbn>
                    <title>Book2</title>
                </book>
            </books>
            <name>Author1</name>
        </author>
        <author>
            <books>
                <book>
                    <isbn>9876543210</isbn>
                    <title>Book3</title>
                </book>
            </books>
            <name>Author2</name>
        </author>
        <author>
            <books>
                <book>
                    <isbn>123456789</isbn>
                    <title>New Book</title>
                </book>
            </books>
            <name>New Author</name>
        </author>
    </authors>
</library>